{"training loss": 50.3978754100631, "_timestamp": 1674637762.784736, "_runtime": 157.22773694992065, "_step": 15, "validation loss": 49.14048961646796, "validation accuracy": 0.43425371048585726, "_wandb": {"runtime": 164}}