{"table": {"_type": "table-file", "sha256": "d0893d8aced965ce55d2d9fc1d4035cfdd9ac91c6b9803f304eb6533456f7f25", "size": 455, "artifact_path": "wandb-client-artifact://q4dnugdkjqy3h7nmjrb5gk1zjuo6ze4s7q9li1gx7ti7ax0kn3wgh4oxlfym6o6seedbzm05n4myz3npr8s4apdisekpqm0iiqqxyd3ccdfeb2nrgl76qebt7e8gem4j:latest/table.table.json", "_latest_artifact_path": "wandb-client-artifact://q4dnugdkjqy3h7nmjrb5gk1zjuo6ze4s7q9li1gx7ti7ax0kn3wgh4oxlfym6o6seedbzm05n4myz3npr8s4apdisekpqm0iiqqxyd3ccdfeb2nrgl76qebt7e8gem4j:latest/table.table.json", "path": "media/table/table_0_d0893d8aced965ce55d2.table.json", "ncols": 1, "nrows": 2}, "_timestamp": 1674912568.171177, "_runtime": 174.29216599464417, "_step": 12, "training loss": 0.6931378941768186, "validation loss": 0.6926891889447484, "validation accuracy": 0.5169976438909458, "_wandb": {"runtime": 178}}