{"table": {"_type": "table-file", "sha256": "c3103fc743ba1909f7e64b8649f88bb6a453e663731ceefd59dd68cafc82448d", "size": 1622, "artifact_path": "wandb-client-artifact://c1x4yj8u6e7ib5c50h8nj4ecen0br8bb518293twos94tnd00qqpekj6u57l362j1li0f4pzzytspnhnczjg0nz4m73qo4en8l4oanl2c4fqrp5et9n5ybtug73tk0mh:latest/table.table.json", "_latest_artifact_path": "wandb-client-artifact://c1x4yj8u6e7ib5c50h8nj4ecen0br8bb518293twos94tnd00qqpekj6u57l362j1li0f4pzzytspnhnczjg0nz4m73qo4en8l4oanl2c4fqrp5et9n5ybtug73tk0mh:latest/table.table.json", "path": "media/table/table_0_c3103fc743ba1909f7e6.table.json", "ncols": 1, "nrows": 3}, "_timestamp": 1674999728.7463458, "_runtime": 843.6341867446899, "_step": 16, "training loss": 251.24578701200656, "validation loss": 49.75153152077422, "validation accuracy": 0.14487569167305558, "_wandb": {"runtime": 902}}