{"table": {"_type": "table-file", "sha256": "8286bdcfadf3b626d0115b4548179f6517cb0918dd36be2542fbc6b7f0e4d3a7", "size": 450, "artifact_path": "wandb-client-artifact://utw7xsji6umderq84q3s0tajq8mymmz158udephx6df4uemkiwnsyg11nxa6vquj8io6elob68jiut0smesltyp83pb39j3luwo2u62c8a9u2u51dofw1nmqahzvu9l9:latest/table.table.json", "_latest_artifact_path": "wandb-client-artifact://utw7xsji6umderq84q3s0tajq8mymmz158udephx6df4uemkiwnsyg11nxa6vquj8io6elob68jiut0smesltyp83pb39j3luwo2u62c8a9u2u51dofw1nmqahzvu9l9:latest/table.table.json", "path": "media/table/table_0_8286bdcfadf3b626d011.table.json", "ncols": 1, "nrows": 2}, "_timestamp": 1674912013.9901712, "_runtime": 243.72675728797913, "_step": 28, "training loss": 64.77174985436915, "validation loss": 1198.5476488902477, "validation accuracy": -19.609154845557118, "_wandb": {"runtime": 248}}