{"table": {"_type": "table-file", "sha256": "65e04182b551ca013c2acada7b23d6ba1c36e80c27a84460c9d88a7cb7ef76d0", "size": 457, "artifact_path": "wandb-client-artifact://8qmm40ek1q1483nnd50vj8nmwtt09z1rj391nwf5ywko62fx3zdw7rqp5vozjsecvf2tuw13a62vt981piaw4mr77y4j0enb9jnb2co3yiwzbu5i2vtkupmy046y0sny:latest/table.table.json", "_latest_artifact_path": "wandb-client-artifact://8qmm40ek1q1483nnd50vj8nmwtt09z1rj391nwf5ywko62fx3zdw7rqp5vozjsecvf2tuw13a62vt981piaw4mr77y4j0enb9jnb2co3yiwzbu5i2vtkupmy046y0sny:latest/table.table.json", "path": "media/table/table_0_65e04182b551ca013c2a.table.json", "ncols": 1, "nrows": 2}, "_timestamp": 1674912830.7648494, "_runtime": 67.83212542533875, "_step": 4, "training loss": 0.6934755870151542, "validation loss": 0.6932971858223753, "validation accuracy": 0.4830023561090542, "_wandb": {"runtime": 74}}