{"table": {"_type": "table-file", "sha256": "fab6dd0c3183a759fce2678611af9cc1624f251a43c75b347d398c2d96071a1a", "size": 1750, "artifact_path": "wandb-client-artifact://9f4xzelk2qg9k9xjkc3tye8yvdtmhu1lh7hinydnna6pkzyozdckzvxt0fqe3ijy6lb4h9fyytqkjt5cnpdszm9ad0wt51r58ppbmsq3ck7cgmcld292964jj8jzl0b7:latest/table.table.json", "_latest_artifact_path": "wandb-client-artifact://9f4xzelk2qg9k9xjkc3tye8yvdtmhu1lh7hinydnna6pkzyozdckzvxt0fqe3ijy6lb4h9fyytqkjt5cnpdszm9ad0wt51r58ppbmsq3ck7cgmcld292964jj8jzl0b7:latest/table.table.json", "path": "media/table/table_0_fab6dd0c3183a759fce2.table.json", "ncols": 1, "nrows": 3}, "_timestamp": 1675049923.6624167, "_runtime": 37093.80483961105, "_step": 89, "training loss": 103.75134744986126, "validation loss": 61.980697074282084, "validation accuracy": -0.06620056482174141, "_wandb": {"runtime": 37180}}