{"table": {"_type": "table-file", "sha256": "70253cebe36a8de7bb6df754c20bcf8cbb697630ba9511b618152222febdfcbc", "size": 1053, "artifact_path": "wandb-client-artifact://bmhl402bdeu5147xv7yrywhjgltpqwbtzjy1armct83i80kpjke775r7518zczvhdicb0ljbw0xkrfrimj00wmg5x87bxbs486kc3qr0o93ptma2et7k3u54x3ttg940:latest/table.table.json", "_latest_artifact_path": "wandb-client-artifact://bmhl402bdeu5147xv7yrywhjgltpqwbtzjy1armct83i80kpjke775r7518zczvhdicb0ljbw0xkrfrimj00wmg5x87bxbs486kc3qr0o93ptma2et7k3u54x3ttg940:latest/table.table.json", "path": "media/table/table_0_70253cebe36a8de7bb6d.table.json", "ncols": 1, "nrows": 3}, "_timestamp": 1674974348.7993999, "_runtime": 1178.6528189182281, "_step": 116, "training loss": 45.447724771616414, "validation loss": 53.06090939237603, "validation accuracy": 0.389578629694011, "_wandb": {"runtime": 1183}}