{"table": {"_type": "table-file", "sha256": "2bc14a0c55f51b71f37862af338ea1759dc2ca346e991515a4118dcbc14771d6", "size": 491, "artifact_path": "wandb-client-artifact://3ejdc0ahcrrwt5twb8npvwm73v8h03k1ofkd9ndzuuu338xbdpvppyafaac6wi5mo8v3ob6wj6x6chwymgncv0wxblu6rhpnjyw3244tbpv3uks4qtjmsambs11ak12t:latest/table.table.json", "_latest_artifact_path": "wandb-client-artifact://3ejdc0ahcrrwt5twb8npvwm73v8h03k1ofkd9ndzuuu338xbdpvppyafaac6wi5mo8v3ob6wj6x6chwymgncv0wxblu6rhpnjyw3244tbpv3uks4qtjmsambs11ak12t:latest/table.table.json", "path": "media/table/table_0_2bc14a0c55f51b71f378.table.json", "ncols": 1, "nrows": 2}, "_timestamp": 1674968218.1965985, "_runtime": 700.4959325790405, "_step": 46, "training loss": 44.465793622115754, "validation loss": 407.6911189782786, "validation accuracy": -6.0113681571378885, "_wandb": {"runtime": 715}}