{"table": {"_type": "table-file", "sha256": "f39ab2174cd2d2995d488fe8f6164d81f9e891b77a52471d2caaf26a871f1abd", "size": 495, "artifact_path": "wandb-client-artifact://kvk4v9czw9z7mayi7crempp3l4677ze09yxbia0yysqzvkgqu8mh19s72to35ae8bl8v180fp1efvif3obyqjv2lod4ze02lkw1yrxg978xmnki348bjwi5msmzab7gz:latest/table.table.json", "_latest_artifact_path": "wandb-client-artifact://kvk4v9czw9z7mayi7crempp3l4677ze09yxbia0yysqzvkgqu8mh19s72to35ae8bl8v180fp1efvif3obyqjv2lod4ze02lkw1yrxg978xmnki348bjwi5msmzab7gz:latest/table.table.json", "path": "media/table/table_0_f39ab2174cd2d2995d48.table.json", "ncols": 1, "nrows": 2}, "_timestamp": 1674919925.0768492, "_runtime": 111.40448212623596, "_step": 12, "training loss": 48.648549005835086, "validation loss": 1568.2285371848864, "validation accuracy": -25.96666823213013, "_wandb": {"runtime": 111}}