{"training loss": 39.12754751515889, "_timestamp": 1674725638.1149464, "_runtime": 1775.235354423523, "_step": 151, "validation loss": 76.4611455167574, "validation accuracy": 0.1195313698128595}