{"table": {"_type": "table-file", "sha256": "939f5d16dc25276b97703280aad8f7bd09ff15c6296c77e4b622284317e0a0f9", "size": 493, "artifact_path": "wandb-client-artifact://p5vvh3pf0g17clpckphbzi0nqqpv7sty5rdrg7rtngpwuvk9sv2owj3j6msve4niqyjie2v7gc69tz50t1af252g428kext4diiwgc49sxf8auo5rxsy9p4g5pizie2v:latest/table.table.json", "_latest_artifact_path": "wandb-client-artifact://p5vvh3pf0g17clpckphbzi0nqqpv7sty5rdrg7rtngpwuvk9sv2owj3j6msve4niqyjie2v7gc69tz50t1af252g428kext4diiwgc49sxf8auo5rxsy9p4g5pizie2v:latest/table.table.json", "path": "media/table/table_0_939f5d16dc25276b9770.table.json", "ncols": 1, "nrows": 2}, "_timestamp": 1674967340.8774564, "_runtime": 8438.401229381561, "_step": 274, "training loss": 36.074560106103384, "validation loss": 70.40509323722137, "validation accuracy": -0.2100472514331364, "_wandb": {"runtime": 8462}}