{"table": {"_type": "table-file", "sha256": "dc4f83bde4c2f1e3bc14b0aabaf6a688044ffd07245a27f01596f9c93b6a1166", "size": 1522, "artifact_path": "wandb-client-artifact://opmoja214owivu02p547ben9woo61binvo60h0ovx81znwlysvyiesbgnutfaapxzfwgibm20n6lyzz5amp1mx1mupe7qmglvoy8xnplpqk5t58yv6w1luu0neeir9ul:latest/table.table.json", "_latest_artifact_path": "wandb-client-artifact://opmoja214owivu02p547ben9woo61binvo60h0ovx81znwlysvyiesbgnutfaapxzfwgibm20n6lyzz5amp1mx1mupe7qmglvoy8xnplpqk5t58yv6w1luu0neeir9ul:latest/table.table.json", "path": "media/table/table_0_dc4f83bde4c2f1e3bc14.table.json", "ncols": 1, "nrows": 3}, "_timestamp": 1674995211.0268793, "_runtime": 547.8016872406006, "_step": 16, "training loss": 57.325585225205, "validation loss": 124.67518124382522, "validation accuracy": -1.1429356491685958, "_wandb": {"runtime": 566}}