{"table": {"_type": "table-file", "sha256": "fe7cea87ae6e676d5bff7ae06a400ba17f384edff32823cde9344d211672d853", "size": 165, "artifact_path": "wandb-client-artifact://oesf75eud2e8mqt5urk1s9i79qaj4xkfaar3793nz98avceil0n8vv7541l7469hm4wy4wbxdwms0y7hebxeb2zvz2dromeguoptn55adedcimzumtaupuqw77jy2wr9:latest/table.table.json", "_latest_artifact_path": "wandb-client-artifact://oesf75eud2e8mqt5urk1s9i79qaj4xkfaar3793nz98avceil0n8vv7541l7469hm4wy4wbxdwms0y7hebxeb2zvz2dromeguoptn55adedcimzumtaupuqw77jy2wr9:latest/table.table.json", "path": "media/table/table_9_fe7cea87ae6e676d5bff.table.json", "ncols": 1, "nrows": 6}, "_timestamp": 1675710161.917157, "_runtime": 60.434170961380005, "_step": 9, "training loss": 812.5945658151194, "validation loss": 1133.331029505849, "validation accuracy": -4.222407539567821, "_wandb": {"runtime": 60}}