{"table": {"_type": "table-file", "sha256": "2b99cd9817f686b2b42af98ce6b944e396d680e698594abf53ce2f2204d4bf26", "size": 457, "artifact_path": "wandb-client-artifact://n46kwcv63nyzt1mf6q19diwxgfey4ohpe5k7pqfmx08a7nvzhusbzas6d3buyaeow126cghhvrjfha83zwqw2g9lg6htq76dyj45t33qg7dht5g276k6l3agj9xg836s:latest/table.table.json", "_latest_artifact_path": "wandb-client-artifact://n46kwcv63nyzt1mf6q19diwxgfey4ohpe5k7pqfmx08a7nvzhusbzas6d3buyaeow126cghhvrjfha83zwqw2g9lg6htq76dyj45t33qg7dht5g276k6l3agj9xg836s:latest/table.table.json", "path": "media/table/table_0_2b99cd9817f686b2b42a.table.json", "ncols": 1, "nrows": 2}, "_timestamp": 1674896205.4020429, "_runtime": 813.2862317562103, "_step": 20, "training loss": 108.6791154792225, "validation loss": 2851.459926720904, "validation accuracy": -31.825156345557943, "_wandb": {"runtime": 846}}