{"table": {"_type": "table-file", "sha256": "f91e5e9dbb5c643c2a2b4c8daf937a9de1f48299e747b998dc0f68d8ecfe2f7a", "size": 2120, "artifact_path": "wandb-client-artifact://jzjbs18kv7cc165w7mcb2jnn3hzjzjkb3l45iyjyrpliigx0mt6w4v0tek0d35drik9thlv57fbjwh86suwlpubq3jaxc0vf1kw2prrabo897xi740euu1wwnn08oxsc:latest/table.table.json", "_latest_artifact_path": "wandb-client-artifact://jzjbs18kv7cc165w7mcb2jnn3hzjzjkb3l45iyjyrpliigx0mt6w4v0tek0d35drik9thlv57fbjwh86suwlpubq3jaxc0vf1kw2prrabo897xi740euu1wwnn08oxsc:latest/table.table.json", "path": "media/table/table_0_f91e5e9dbb5c643c2a2b.table.json", "ncols": 1, "nrows": 3}, "_timestamp": 1675675851.3748183, "_runtime": 152.69328427314758, "_step": 20, "training loss": 481.0520888916505, "validation loss": 233.13810401280728, "validation accuracy": -3.009457859738748, "_wandb": {"runtime": 162}}