{"table": {"_type": "table-file", "sha256": "41498f0bcc69169345c8e6e618d78dde265dfd81842048d549420661b0952198", "size": 454, "artifact_path": "wandb-client-artifact://9fy8bwmoo8ioa4pqjazstoe8wyhpyu6uvub5v9zo5f7e0t9tsb9y7fekonz25wyaodrt3bthvsmdps7rk9n0achfh7wq40whgv9yhdxki72va7798znvrf873qrmh24h:latest/table.table.json", "_latest_artifact_path": "wandb-client-artifact://9fy8bwmoo8ioa4pqjazstoe8wyhpyu6uvub5v9zo5f7e0t9tsb9y7fekonz25wyaodrt3bthvsmdps7rk9n0achfh7wq40whgv9yhdxki72va7798znvrf873qrmh24h:latest/table.table.json", "path": "media/table/table_0_41498f0bcc69169345c8.table.json", "ncols": 1, "nrows": 2}, "_timestamp": 1674896194.3197885, "_runtime": 663.6501114368439, "_step": 14, "training loss": 74.70696548239354, "validation loss": 857.7499337701754, "validation accuracy": -13.750422003306463, "_wandb": {"runtime": 712}}