{"table": {"_type": "table-file", "sha256": "66d812ab9a7fa01f8d93599776c5dfce21883226a30edb77d3b702ed7a1818c4", "size": 498, "artifact_path": "wandb-client-artifact://b9grujnnyjbqt90ug2wgjkypbvqknb6s22hycngvgza117dgkw8zgm5jveeyd1f1cepbde5lhr2oyyuu5b2vf4qga3rlem0pfa6jcndkb6ad4ddgeh0rhezh1pd5b5yj:latest/table.table.json", "_latest_artifact_path": "wandb-client-artifact://b9grujnnyjbqt90ug2wgjkypbvqknb6s22hycngvgza117dgkw8zgm5jveeyd1f1cepbde5lhr2oyyuu5b2vf4qga3rlem0pfa6jcndkb6ad4ddgeh0rhezh1pd5b5yj:latest/table.table.json", "path": "media/table/table_0_66d812ab9a7fa01f8d93.table.json", "ncols": 1, "nrows": 2}, "_timestamp": 1674919109.2710803, "_runtime": 1015.7765791416168, "_step": 48, "training loss": 44.26467522506752, "validation loss": 300.29575287352066, "validation accuracy": -4.1632261519684395, "_wandb": {"runtime": 1016}}