{"table": {"_type": "table-file", "sha256": "65e04182b551ca013c2acada7b23d6ba1c36e80c27a84460c9d88a7cb7ef76d0", "size": 457, "artifact_path": "wandb-client-artifact://ma74jmc52e1dy26k55fdmq1dqx7q238p1gbbf9edmznpnct9hejs6s98mb9gsxsmnqoxf3rqs27vyw8u5bertt7ck2bp5g41872e6zigyxu7se5bzgt550y740wiwabx:latest/table.table.json", "_latest_artifact_path": "wandb-client-artifact://ma74jmc52e1dy26k55fdmq1dqx7q238p1gbbf9edmznpnct9hejs6s98mb9gsxsmnqoxf3rqs27vyw8u5bertt7ck2bp5g41872e6zigyxu7se5bzgt550y740wiwabx:latest/table.table.json", "path": "media/table/table_0_65e04182b551ca013c2a.table.json", "ncols": 1, "nrows": 2}, "_timestamp": 1674912683.977105, "_runtime": 69.06852698326111, "_step": 4, "training loss": 0.6931281202101409, "validation loss": 0.692722894316447, "validation accuracy": 0.5169976438909458, "_wandb": {"runtime": 70}}