{"table": {"_type": "table-file", "sha256": "7c1e55f5191abcbe95a132433e63ab43900a47ed66740769165fa8c161ce3334", "size": 950, "artifact_path": "wandb-client-artifact://fqj6bvkiq975y1zviuihpqx4z1n7yfkdchqnlo8mrofz1hmqxbxxnhw165kx944thv9ftco1ans5i090h1t5sd3hssnn5kc53hoa05l2yvu1odr5t32papi4jhefpzdj:latest/table.table.json", "_latest_artifact_path": "wandb-client-artifact://fqj6bvkiq975y1zviuihpqx4z1n7yfkdchqnlo8mrofz1hmqxbxxnhw165kx944thv9ftco1ans5i090h1t5sd3hssnn5kc53hoa05l2yvu1odr5t32papi4jhefpzdj:latest/table.table.json", "path": "media/table/table_0_7c1e55f5191abcbe95a1.table.json", "ncols": 1, "nrows": 3}, "_timestamp": 1675017194.2530282, "_runtime": 1014.3458070755005, "_step": 72, "training loss": 61.2648896693616, "validation loss": 206.19545986841499, "validation accuracy": -2.5439664923674408, "_wandb": {"runtime": 1018}}