{"training loss": 56.67653428229252, "_timestamp": 1674695681.6314611, "_runtime": 2415.0751900672913, "_step": 121, "validation loss": 55.064959048156695, "validation accuracy": 0.053486946024494, "_wandb": {"runtime": 12348}}