{"training loss": 53.28237303707468, "_timestamp": 1674673789.09734, "_runtime": 6712.766494989395, "_step": 75, "validation loss": 53.7085604086642, "validation accuracy": 0.0763215984318909}