{"table": {"_type": "table-file", "sha256": "b52a33c163cc54ede60baaadaa3cd7d19bfb6712ae46b9c8ac08d0b035618c6d", "size": 1621, "artifact_path": "wandb-client-artifact://qhbkj4hobbiju123r9a2gse3fo7s3xr13wdu811h8xs9h9ubhz85qdy3yjh5rcrxwg8d8whok3gjq5lw01zk0op7e9vtekva48x6dhqumffsxevl00325hwfkgmr18cu:latest/table.table.json", "_latest_artifact_path": "wandb-client-artifact://qhbkj4hobbiju123r9a2gse3fo7s3xr13wdu811h8xs9h9ubhz85qdy3yjh5rcrxwg8d8whok3gjq5lw01zk0op7e9vtekva48x6dhqumffsxevl00325hwfkgmr18cu:latest/table.table.json", "path": "media/table/table_0_b52a33c163cc54ede60b.table.json", "ncols": 1, "nrows": 3}, "_timestamp": 1674997274.1990004, "_runtime": 885.9809823036194, "_step": 41, "training loss": 162.81346416081266, "validation loss": 56.11759798171672, "validation accuracy": 0.03512261498018521, "_wandb": {"runtime": 888}}