{"table": {"_type": "table-file", "sha256": "4fa8d0687a29e206a1d482a85fae04faa589c562a50ab95a474cbb18e0297170", "size": 507, "artifact_path": "wandb-client-artifact://4kpc7xxkf5vwtpg5l6k7nu33cuseug3he27fcomygbtrr7a6uvgq7n4mrx11nkvhmfyhykcymvzkybp7w0626g2ui6lqpieyo79sbj6cu2wlarodjc9kic14if5110ro:latest/table.table.json", "_latest_artifact_path": "wandb-client-artifact://4kpc7xxkf5vwtpg5l6k7nu33cuseug3he27fcomygbtrr7a6uvgq7n4mrx11nkvhmfyhykcymvzkybp7w0626g2ui6lqpieyo79sbj6cu2wlarodjc9kic14if5110ro:latest/table.table.json", "path": "media/table/table_0_4fa8d0687a29e206a1d4.table.json", "ncols": 1, "nrows": 2}, "_timestamp": 1674973186.7157588, "_runtime": 4846.799919843674, "_step": 40, "training loss": 46.80794842278287, "validation loss": 115.66798432667389, "validation accuracy": -0.9901200427265939, "_wandb": {"runtime": 4863}}