{"table": {"_type": "table-file", "sha256": "40165bd71574203d8c1cd5d2d0efa0f45e5cc76881cd65097b524fd80ede9cfb", "size": 452, "artifact_path": "wandb-client-artifact://qk73ik5qc5j8p38krwsyyuk9wr8nhffts0sxpanv6xkhk207lao6601cfepnn82lo2zg8nm893pj0e4yk4n12zlhenyee27dfl14w4paravees20p1u0vgqzo02lbq1i:latest/table.table.json", "_latest_artifact_path": "wandb-client-artifact://qk73ik5qc5j8p38krwsyyuk9wr8nhffts0sxpanv6xkhk207lao6601cfepnn82lo2zg8nm893pj0e4yk4n12zlhenyee27dfl14w4paravees20p1u0vgqzo02lbq1i:latest/table.table.json", "path": "media/table/table_0_40165bd71574203d8c1c.table.json", "ncols": 1, "nrows": 2}, "_timestamp": 1674897072.1676295, "_runtime": 675.1733105182648, "_step": 33, "training loss": 68.36466160692864, "validation loss": 1077.1104398795144, "validation accuracy": -17.516945562536712, "_wandb": {"runtime": 685}}