{"table": {"_type": "table-file", "sha256": "eb454c2845d5f070a9267be35a154e06c9b48af793fde0dd9ce89d508bebae27", "size": 2119, "artifact_path": "wandb-client-artifact://pzsegdx3lvy46h328m8bu2ije8gi95xxs02xj1lct2k8ht6nbzq96emf1gojwke833hxf5qp7m4sxttgcr48b4834jdjz8983dpnoju4tfposba969fejkrmsnp8pt56:latest/table.table.json", "_latest_artifact_path": "wandb-client-artifact://pzsegdx3lvy46h328m8bu2ije8gi95xxs02xj1lct2k8ht6nbzq96emf1gojwke833hxf5qp7m4sxttgcr48b4834jdjz8983dpnoju4tfposba969fejkrmsnp8pt56:latest/table.table.json", "path": "media/table/table_0_eb454c2845d5f070a926.table.json", "ncols": 1, "nrows": 3}, "_timestamp": 1675680742.8535163, "_runtime": 4830.400479316711, "_step": 680, "training loss": 60.27231347790006, "validation loss": 58.188935855776194, "validation accuracy": -0.00033110629255039825, "_wandb": {"runtime": 4830}}