{"table": {"_type": "table-file", "sha256": "ca45facf89075e5c9721496c8a3465474856c2c4d744769ea1d2140a5b25fa73", "size": 1750, "artifact_path": "wandb-client-artifact://nld2y6s5qppgpt5ykvc2mhbyuj2hcf9fiydzk52hjre6ny6g02u30iwgmuhwvd926t7qeijnx24gnp37nhnghmvhfx9vq1ds0xqgnxq1f0jlpdog96kez0f83pby8gp5:latest/table.table.json", "_latest_artifact_path": "wandb-client-artifact://nld2y6s5qppgpt5ykvc2mhbyuj2hcf9fiydzk52hjre6ny6g02u30iwgmuhwvd926t7qeijnx24gnp37nhnghmvhfx9vq1ds0xqgnxq1f0jlpdog96kez0f83pby8gp5:latest/table.table.json", "path": "media/table/table_0_ca45facf89075e5c9721.table.json", "ncols": 1, "nrows": 3}, "_timestamp": 1675011677.0022118, "_runtime": 2521.58202791214, "_step": 6, "training loss": 232.0649803828845, "validation loss": 164.3835862418513, "validation accuracy": -1.8276934152040094, "_wandb": {"runtime": 3232}}