{"table": {"_type": "table-file", "sha256": "f4576d94f1f5599423b822130103ddd6f1df9d6533f09ef07e441578459e3aec", "size": 483, "artifact_path": "wandb-client-artifact://3e00702494rk0g0gmfi20gs7hpm0zs6jdrkjoqsezkzlxoidnzh0c51xbvyzl96mh1co8mwtfhylj0gcjbco6acteuwowify1r8gzoc9jlxuasehob3coqpy4bmqoawr:latest/table.table.json", "_latest_artifact_path": "wandb-client-artifact://3e00702494rk0g0gmfi20gs7hpm0zs6jdrkjoqsezkzlxoidnzh0c51xbvyzl96mh1co8mwtfhylj0gcjbco6acteuwowify1r8gzoc9jlxuasehob3coqpy4bmqoawr:latest/table.table.json", "path": "media/table/table_0_f4576d94f1f5599423b8.table.json", "ncols": 1, "nrows": 2}, "_timestamp": 1674916925.1170053, "_runtime": 25.654380321502686, "_step": 2, "training loss": 0.6930626870861734, "validation loss": 0.6931814368867191, "validation accuracy": 0.4830023561090542, "_wandb": {"runtime": 27}}