{"table": {"_type": "table-file", "sha256": "e97021ffaaaba6864f5830928be7d6372d1dd7444f40ba5dbb2898878e7bcf71", "size": 469, "artifact_path": "wandb-client-artifact://zntmptcm83q5cwvt4bv1pzd75p7sk7d716dh5ss6dljced1wc1zymmtzzsi1ggxibgna34h6hxc6l5pmotxb4zkkpej96b54qihpsxaod977g1hldp9j0vn5f3fk6tp1:latest/table.table.json", "_latest_artifact_path": "wandb-client-artifact://zntmptcm83q5cwvt4bv1pzd75p7sk7d716dh5ss6dljced1wc1zymmtzzsi1ggxibgna34h6hxc6l5pmotxb4zkkpej96b54qihpsxaod977g1hldp9j0vn5f3fk6tp1:latest/table.table.json", "path": "media/table/table_0_e97021ffaaaba6864f58.table.json", "ncols": 1, "nrows": 2}, "_timestamp": 1674914206.6499069, "_runtime": 40.010164976119995, "_step": 4, "training loss": 0.583800992146472, "validation loss": 0.5989369893971596, "validation accuracy": 0.7532817233254796, "_wandb": {"runtime": 54}}