{"table": {"_type": "table-file", "sha256": "24e5c0f3cfcf0b4e1cdc2dcda0f9891b76e3ffeca82f1de3368a472e1a01aa91", "size": 493, "artifact_path": "wandb-client-artifact://1jfr48m9hvksmm8u59qqwpnvvyxuk4gne7p7mbxo05s7s46vsbbu8955zoyo5ahzj250r312rfnfr0mok6vcl1pv1y1d7w3cxhkcjuegmbvto97hh3rhjqr5fp1ii3p9:latest/table.table.json", "_latest_artifact_path": "wandb-client-artifact://1jfr48m9hvksmm8u59qqwpnvvyxuk4gne7p7mbxo05s7s46vsbbu8955zoyo5ahzj250r312rfnfr0mok6vcl1pv1y1d7w3cxhkcjuegmbvto97hh3rhjqr5fp1ii3p9:latest/table.table.json", "path": "media/table/table_0_24e5c0f3cfcf0b4e1cdc.table.json", "ncols": 1, "nrows": 2}, "_timestamp": 1674994293.8369286, "_runtime": 35817.818554639816, "_step": 2044, "training loss": 34.07937199089418, "validation loss": 42.20918507920276, "validation accuracy": 0.27379771658686525, "_wandb": {"runtime": 35835}}