{"table": {"_type": "table-file", "sha256": "61423317aa5e1228ee81a921891d89e28ce8b60d0ec53c20bae709cabb7e5736", "size": 1598, "artifact_path": "wandb-client-artifact://50i2ksmtzjkok0dy09iygskq8m4fxx6gpcjz50a1wp7j9dfl0i58aawt4jr575wcnac0ic5tcuwq3s69moeyrh7i0xbz529p3fb2iuesalho6mi5d9zootqfgjye7jyg:latest/table.table.json", "_latest_artifact_path": "wandb-client-artifact://50i2ksmtzjkok0dy09iygskq8m4fxx6gpcjz50a1wp7j9dfl0i58aawt4jr575wcnac0ic5tcuwq3s69moeyrh7i0xbz529p3fb2iuesalho6mi5d9zootqfgjye7jyg:latest/table.table.json", "path": "media/table/table_0_61423317aa5e1228ee81.table.json", "ncols": 1, "nrows": 3}, "_timestamp": 1674996237.0781636, "_runtime": 567.61452460289, "_step": 26, "training loss": 223.89407663620233, "validation loss": 213.857265859106, "validation accuracy": -2.6771103710825206, "_wandb": {"runtime": 568}}