{"table": {"_type": "table-file", "sha256": "e4a26f69475f1f8b7500cf428c32dc1c63cb7493905cce557b413e388be78e5f", "size": 470, "artifact_path": "wandb-client-artifact://yxc9eth8s23tsb7n98ohx3sxgg8zjpla8abtdkix3h5a0b4z94xnd7bxzkw2xq52ab3xk10nbz6vsyyojfc2eobr516cl597kezdrji2mjhkf2u1b7qbwqbf0aq848il:latest/table.table.json", "_latest_artifact_path": "wandb-client-artifact://yxc9eth8s23tsb7n98ohx3sxgg8zjpla8abtdkix3h5a0b4z94xnd7bxzkw2xq52ab3xk10nbz6vsyyojfc2eobr516cl597kezdrji2mjhkf2u1b7qbwqbf0aq848il:latest/table.table.json", "path": "media/table/table_0_e4a26f69475f1f8b7500.table.json", "ncols": 1, "nrows": 2}, "_timestamp": 1674913418.0428767, "_runtime": 120.46186971664429, "_step": 10, "training loss": 0.19595882475833304, "validation loss": 0.3710033274401491, "validation accuracy": 0.9417704476607203, "_wandb": {"runtime": 125}}