{"table": {"_type": "table-file", "sha256": "d4aaae1c49e918a4acfbcc676ddf2bba0565ad1ff6434bc802f0346168fcbe0c", "size": 2121, "artifact_path": "wandb-client-artifact://ogr8k9pukdev18vbfyg77bvdf1wah6pgyeyi2zm0kp174c15halvl02hy3mdmocehocf2v9y4st1rv7ksf582sgtxkir3704o6dr5zt5803aey1c4c1mdogumd11zd1m:latest/table.table.json", "_latest_artifact_path": "wandb-client-artifact://ogr8k9pukdev18vbfyg77bvdf1wah6pgyeyi2zm0kp174c15halvl02hy3mdmocehocf2v9y4st1rv7ksf582sgtxkir3704o6dr5zt5803aey1c4c1mdogumd11zd1m:latest/table.table.json", "path": "media/table/table_0_d4aaae1c49e918a4acfb.table.json", "ncols": 1, "nrows": 3}, "_timestamp": 1675689751.8488452, "_runtime": 8964.418490171432, "_step": 737, "training loss": 49.46606585992141, "validation loss": 48.24552349092557, "validation accuracy": 0.1705992451688012, "_wandb": {"runtime": 8963}}