{"table": {"_type": "table-file", "sha256": "c9b4575fa9026ae7610858ebcf0535c1425ed8fb2c982dcfd34ac4e007ccc5af", "size": 494, "artifact_path": "wandb-client-artifact://fr9z63n4wv8zo2t0iyalgfiwe3jihjn4xp7lnxjqll3mxco3b4r4owlzktt1jf02g8q0as47lsmfw3c96i26so00ef7g7tzib5zu9fh58aoccaoe7yridy22hs3ejs2d:latest/table.table.json", "_latest_artifact_path": "wandb-client-artifact://fr9z63n4wv8zo2t0iyalgfiwe3jihjn4xp7lnxjqll3mxco3b4r4owlzktt1jf02g8q0as47lsmfw3c96i26so00ef7g7tzib5zu9fh58aoccaoe7yridy22hs3ejs2d:latest/table.table.json", "path": "media/table/table_0_c9b4575fa9026ae76108.table.json", "ncols": 1, "nrows": 2}, "_timestamp": 1674920269.1856806, "_runtime": 125.45864963531494, "_step": 12, "training loss": 49.25863697523986, "validation loss": 450.86288585869994, "validation accuracy": -6.75383089273139, "_wandb": {"runtime": 135}}