{"table": {"_type": "table-file", "sha256": "d97eb8b026fcd0d250364d8ddf27ddb3d153459243cc715ce907c94876a66b58", "size": 1248, "artifact_path": "wandb-client-artifact://neh153t3fpd7yv3dpl61ppxbysmz34psyz37cjandu2ln8a3k8tcfjtvt2noz3w449gmbf86087r7yjl1pehaka5sjnpsbqx81hfstn07erhqr2yz07kuqup345mlf6b:latest/table.table.json", "_latest_artifact_path": "wandb-client-artifact://neh153t3fpd7yv3dpl61ppxbysmz34psyz37cjandu2ln8a3k8tcfjtvt2noz3w449gmbf86087r7yjl1pehaka5sjnpsbqx81hfstn07erhqr2yz07kuqup345mlf6b:latest/table.table.json", "path": "media/table/table_0_d97eb8b026fcd0d25036.table.json", "ncols": 1, "nrows": 3}, "_timestamp": 1675710000.4263952, "_runtime": 54.11864113807678, "_step": 8, "training loss": 465.196958154823, "validation loss": 679.9773627914527, "validation accuracy": -2.1357051365540625, "_wandb": {"runtime": 58}}