{"table": {"_type": "table-file", "sha256": "417a84a79ab02eb2a3a1ec5dc11d0ceb3100dd85dc51a3923e4e3d179db7f955", "size": 502, "artifact_path": "wandb-client-artifact://y8mdm2khcg9hhimnyi89nucx7zornpqb5hdry2fkyy1gqtzwlv6wbzz3yay72x1adcouh4mz2zhiz7y2al7bkwi66p9ctwetuvk36vhq7oh0mj65g64tbmfs95nwsac6:latest/table.table.json", "_latest_artifact_path": "wandb-client-artifact://y8mdm2khcg9hhimnyi89nucx7zornpqb5hdry2fkyy1gqtzwlv6wbzz3yay72x1adcouh4mz2zhiz7y2al7bkwi66p9ctwetuvk36vhq7oh0mj65g64tbmfs95nwsac6:latest/table.table.json", "path": "media/table/table_0_417a84a79ab02eb2a3a1.table.json", "ncols": 1, "nrows": 2}, "_timestamp": 1674917990.6358917, "_runtime": 175.07197761535645, "_step": 8, "training loss": 0.22201100646533628, "validation loss": 0.5768577768939691, "validation accuracy": 0.7169303264893975, "_wandb": {"runtime": 207}}