{"training loss": 1.6920347796017803, "_timestamp": 1674370100.9218924, "_runtime": 1323.2389245033264, "_step": 69, "validation loss": 1.8122619058862284, "validation accuracy": 0.9132994081510974}