{"table": {"_type": "table-file", "sha256": "19bef74afdc8785ccc91eb884f6f7084935f7e6bd531aebaeb83e2dd97831f28", "size": 454, "artifact_path": "wandb-client-artifact://ra9kw8kibkain7kon8bw4exa53x3po932rgow22vjt8pp64nqoj1boda76398kdnm2za0xgbtf0g5pp6zvpuqbvf7hsqtff4ul2wnw6ndp1pu4uvqddvagaxz0jd54oq:latest/table.table.json", "_latest_artifact_path": "wandb-client-artifact://ra9kw8kibkain7kon8bw4exa53x3po932rgow22vjt8pp64nqoj1boda76398kdnm2za0xgbtf0g5pp6zvpuqbvf7hsqtff4ul2wnw6ndp1pu4uvqddvagaxz0jd54oq:latest/table.table.json", "path": "media/table/table_0_19bef74afdc8785ccc91.table.json", "ncols": 1, "nrows": 2}, "_timestamp": 1674912365.865119, "_runtime": 103.41995000839233, "_step": 14, "training loss": 0.692905027808262, "validation loss": 0.6931167035180034, "validation accuracy": 0.5169976438909458, "_wandb": {"runtime": 105}}