{"table": {"_type": "table-file", "sha256": "8286bdcfadf3b626d0115b4548179f6517cb0918dd36be2542fbc6b7f0e4d3a7", "size": 450, "artifact_path": "wandb-client-artifact://c879c55xh59nczmvoejqby4q1wype0cg30wtwbwrtqw8g1metprl889g7aclny5a9135wa747nrhmiwiyufdx6qxd2lcd5cu9692uvq7ncofv8109x96x9376c77opa7:latest/table.table.json", "_latest_artifact_path": "wandb-client-artifact://c879c55xh59nczmvoejqby4q1wype0cg30wtwbwrtqw8g1metprl889g7aclny5a9135wa747nrhmiwiyufdx6qxd2lcd5cu9692uvq7ncofv8109x96x9376c77opa7:latest/table.table.json", "path": "media/table/table_0_8286bdcfadf3b626d011.table.json", "ncols": 1, "nrows": 2}, "_timestamp": 1674897179.3428416, "_runtime": 33.24553656578064, "_step": 4, "training loss": 63.162998170606414, "validation loss": 1203.799692518786, "validation accuracy": -19.69815848596537, "_wandb": {"runtime": 44}}