{"table": {"_type": "table-file", "sha256": "f19fae92cc00dc286b2c5509de5601caa7cdd21022c278ff37af619f8a4ecd3b", "size": 494, "artifact_path": "wandb-client-artifact://g2kqeayahsovvbzdc39cv2exmp81ro2pjpzij9m47naz241zu8yztj5p1ghtmzyy9qfnyu28p6vntm3dm3bs8jhxhw4z5ptuy4ke3mqhsz6ffpp3x7qhokzmsnjokbl3:latest/table.table.json", "_latest_artifact_path": "wandb-client-artifact://g2kqeayahsovvbzdc39cv2exmp81ro2pjpzij9m47naz241zu8yztj5p1ghtmzyy9qfnyu28p6vntm3dm3bs8jhxhw4z5ptuy4ke3mqhsz6ffpp3x7qhokzmsnjokbl3:latest/table.table.json", "path": "media/table/table_0_f19fae92cc00dc286b2c.table.json", "ncols": 1, "nrows": 2}, "_timestamp": 1674920105.0892391, "_runtime": 150.86493110656738, "_step": 14, "training loss": 48.17133271384886, "validation loss": 237.18720411041568, "validation accuracy": -3.0784551459758642, "_wandb": {"runtime": 144}}