{"training loss": 3667.027802929061, "_timestamp": 1674480356.7881937, "_runtime": 159.7080056667328, "_step": 0, "_wandb": {"runtime": 158}}