{"table": {"_type": "table-file", "sha256": "49753e76642cb7b358c2f30621b6a5c668cc4510cdeb0dfb6c36cf60e209d025", "size": 497, "artifact_path": "wandb-client-artifact://pbk9iongdices02whldnobvzu4bk6fj6okajmzovvsarhck284nui26u8qul8q4xumxo7g2i1mntbdlw72j8vln42lpxyxezoy1ow4cw6b1hbn3h7rcew586l14depg9:latest/table.table.json", "_latest_artifact_path": "wandb-client-artifact://pbk9iongdices02whldnobvzu4bk6fj6okajmzovvsarhck284nui26u8qul8q4xumxo7g2i1mntbdlw72j8vln42lpxyxezoy1ow4cw6b1hbn3h7rcew586l14depg9:latest/table.table.json", "path": "media/table/table_0_49753e76642cb7b358c2.table.json", "ncols": 1, "nrows": 2}, "_timestamp": 1674919710.9679585, "_runtime": 563.7138044834137, "_step": 47, "training loss": 43.8653680343559, "validation loss": 737.1593138889851, "validation accuracy": -11.670381508216384, "_wandb": {"runtime": 565}}