{"table": {"_type": "table-file", "sha256": "ad7e3ef5679f412928c2c6611ff53acafb54d3290f27cc182e2ec46e920486f3", "size": 1517, "artifact_path": "wandb-client-artifact://x78dsnns75yosr8cg3eftxfqa4bpu8dl9eyzdz7kuljhsfg9qnfobqvau1cmp029vib1hky30omro8qg9h4el3mmo7mf3s14l5ce7yrclbizlzq2h1rfbmeqfh0w3psu:latest/table.table.json", "_latest_artifact_path": "wandb-client-artifact://x78dsnns75yosr8cg3eftxfqa4bpu8dl9eyzdz7kuljhsfg9qnfobqvau1cmp029vib1hky30omro8qg9h4el3mmo7mf3s14l5ce7yrclbizlzq2h1rfbmeqfh0w3psu:latest/table.table.json", "path": "media/table/table_0_ad7e3ef5679f412928c2.table.json", "ncols": 1, "nrows": 3}, "_timestamp": 1675672620.0876682, "_runtime": 13.196201086044312, "_step": 2, "training loss": 2631.8988957049196, "validation loss": 1026.0747406013186, "validation accuracy": -16.64670959816609, "_wandb": {"runtime": 14}}