{"table": {"_type": "table-file", "sha256": "365074211ab0d35852b019083a7cd69217569ab0749afa31fa024d8b068ca72f", "size": 462, "artifact_path": "wandb-client-artifact://ol904627x2ivd79dbanph140i8q9tltc6mltdyfwc23hg3ry8usrjvma2s95tsqjlyqvxeu6mgu4e0bk3vfxrgath08nidksyac0psnkxoxubf68uoxtsg2p4qt8p8pb:latest/table.table.json", "_latest_artifact_path": "wandb-client-artifact://ol904627x2ivd79dbanph140i8q9tltc6mltdyfwc23hg3ry8usrjvma2s95tsqjlyqvxeu6mgu4e0bk3vfxrgath08nidksyac0psnkxoxubf68uoxtsg2p4qt8p8pb:latest/table.table.json", "path": "media/table/table_0_365074211ab0d35852b0.table.json", "ncols": 1, "nrows": 2}, "_timestamp": 1674886723.3875513, "_runtime": 3590.8712322711945, "_step": 142, "training loss": 26.339028354611823, "validation loss": 44.001782360621625, "validation accuracy": 0.49291393015391627, "_wandb": {"runtime": 3611}}