{"training loss": 15.114223597944246, "_timestamp": 1674882215.921672, "_runtime": 7980.923644065857, "_step": 1121, "validation loss": 16.04886081063811, "validation accuracy": 0.8154197198024911, "_wandb": {"runtime": 7980}}