{"table": {"_type": "table-file", "sha256": "365074211ab0d35852b019083a7cd69217569ab0749afa31fa024d8b068ca72f", "size": 462, "artifact_path": "wandb-client-artifact://noxa5y9bydg84meprcc9jxpsfx2nee0j5ci6f2mfxcva0bcnlk3yuoxt55z19k5q4pj8k5cmsplbrlzd7wleyze48kpmh1ghmnp22f094bmepcircmu3p8xyorw9od4g:latest/table.table.json", "_latest_artifact_path": "wandb-client-artifact://noxa5y9bydg84meprcc9jxpsfx2nee0j5ci6f2mfxcva0bcnlk3yuoxt55z19k5q4pj8k5cmsplbrlzd7wleyze48kpmh1ghmnp22f094bmepcircmu3p8xyorw9od4g:latest/table.table.json", "path": "media/table/table_0_365074211ab0d35852b0.table.json", "ncols": 1, "nrows": 2}, "_timestamp": 1674886754.1405368, "_runtime": 4261.196822881699, "_step": 209, "training loss": 24.882523729700406, "validation loss": 25.198880494204893, "validation accuracy": 0.7102559345978827, "_wandb": {"runtime": 4262}}