{"table": {"_type": "table-file", "sha256": "8a7daf30272d8f209b0424e74727a3613eb703b58cb35f6a97223477ea12e7b9", "size": 1054, "artifact_path": "wandb-client-artifact://16vpzn4dpnhsm92wysck0fxpg3gu6a4k5f92nkor87z3jtysdww7ie5ltebcu4piyb7ndxlx1erug9ywy9ijullgqc6gghrq1vxd0dwac5bqgsdao92wn0i1ymaulk1l:latest/table.table.json", "_latest_artifact_path": "wandb-client-artifact://16vpzn4dpnhsm92wysck0fxpg3gu6a4k5f92nkor87z3jtysdww7ie5ltebcu4piyb7ndxlx1erug9ywy9ijullgqc6gghrq1vxd0dwac5bqgsdao92wn0i1ymaulk1l:latest/table.table.json", "path": "media/table/table_0_8a7daf30272d8f209b04.table.json", "ncols": 1, "nrows": 3}, "_timestamp": 1674995446.2627008, "_runtime": 21019.043638706207, "_step": 2440, "training loss": 24.807425079646514, "validation loss": 33.38570415899015, "validation accuracy": 0.6154080027395963, "_wandb": {"runtime": 21021}}