{"table": {"_type": "table-file", "sha256": "7791a9678cc9b3195024f77b301d7bf545bcf671c68dbb1169263ff131f23d82", "size": 493, "artifact_path": "wandb-client-artifact://7iohdjxy5liy4e0ob4b3t185aiarso628zl9p3n3s5qpkkmthjnu44npioc6xu56fydtsn05p54gsuhj2ywim838m47l5oithrwx9bgebb2ljvwywtxqoid0nnlq7afe:latest/table.table.json", "_latest_artifact_path": "wandb-client-artifact://7iohdjxy5liy4e0ob4b3t185aiarso628zl9p3n3s5qpkkmthjnu44npioc6xu56fydtsn05p54gsuhj2ywim838m47l5oithrwx9bgebb2ljvwywtxqoid0nnlq7afe:latest/table.table.json", "path": "media/table/table_0_7791a9678cc9b3195024.table.json", "ncols": 1, "nrows": 2}, "_timestamp": 1674923222.3692734, "_runtime": 2929.374450445175, "_step": 210, "training loss": 40.346347762808186, "validation loss": 1910.5013713438743, "validation accuracy": -31.84808990046374, "_wandb": {"runtime": 2948}}