{"training loss": 35.1318364313872, "_timestamp": 1674567638.4425886, "_runtime": 3149.621752500534, "_step": 9, "validation loss": 72.38402339327085, "validation accuracy": 0.12471822147925515}