{"table": {"_type": "table-file", "sha256": "5b0cdb47ca8ac0f1520f3e4e1491133c9dfd4395e436a975ba4965aed82d70ee", "size": 1220, "artifact_path": "wandb-client-artifact://4xzs70wjn7rnfvsylqvf7ew6okl2w2uja7k9xsdfdxjehiurpo3ltwhljwdvge73peb2qxr6z7pcrz51flvi4pmzulzoujnroeeumz9q9vxzst21b0g99j1cg4h8rdbp:latest/table.table.json", "_latest_artifact_path": "wandb-client-artifact://4xzs70wjn7rnfvsylqvf7ew6okl2w2uja7k9xsdfdxjehiurpo3ltwhljwdvge73peb2qxr6z7pcrz51flvi4pmzulzoujnroeeumz9q9vxzst21b0g99j1cg4h8rdbp:latest/table.table.json", "path": "media/table/table_0_5b0cdb47ca8ac0f1520f.table.json", "ncols": 1, "nrows": 3}, "_timestamp": 1675142079.1359084, "_runtime": 5884.009719371796, "_step": 1441, "training loss": 37.18007465152416, "validation loss": 104.17983891507086, "validation accuracy": -0.7926601850560007, "_wandb": {"runtime": 5884}}