{"table": {"_type": "table-file", "sha256": "32f8730d850eb40857ddaae0e4fb6f0c9e02f72168deb933503d99a89bc1b37c", "size": 167, "artifact_path": "wandb-client-artifact://2r4aivg5t9bx8hvq2dmb6ve74i69wdceluvg79m4t2wjjnul6ug8yhbsohqtct07d7ku1jr7yfisxcgq3jd1m6m5lhfmeyi7xwjhba75iahzhlvp8gi6bhipnb3texb0:latest/table.table.json", "_latest_artifact_path": "wandb-client-artifact://2r4aivg5t9bx8hvq2dmb6ve74i69wdceluvg79m4t2wjjnul6ug8yhbsohqtct07d7ku1jr7yfisxcgq3jd1m6m5lhfmeyi7xwjhba75iahzhlvp8gi6bhipnb3texb0:latest/table.table.json", "path": "media/table/table_9_32f8730d850eb40857dd.table.json", "ncols": 1, "nrows": 6}, "_timestamp": 1675710469.9000506, "_runtime": 61.80307054519653, "_step": 9, "training loss": 503.2723894595558, "validation loss": 551.6558632228242, "validation accuracy": -1.5447285861384148, "_wandb": {"runtime": 61}}