{"training loss": 10.130529589554241, "_timestamp": 1674671008.164579, "_runtime": 32828.746656894684, "_step": 2647, "validation loss": 15.339514419210243, "validation accuracy": 0.8233874378294794}