{"training loss": 15.200261459381998, "_timestamp": 1674528446.3527536, "_runtime": 34693.654834747314, "_step": 297, "validation loss": 23.281135400193662, "validation accuracy": 0.7175876790507758}