{"training loss": 51.23441977157603, "_timestamp": 1674695718.3091753, "_runtime": 1891.0665621757507, "_step": 77, "validation loss": 47.42727703193933, "validation accuracy": 0.4533952735680874}