{"table": {"_type": "table-file", "sha256": "14745d84d40c71e0d97b9ce3683e3bd9f6a44613c419bdf9321ad7226523a7a6", "size": 1387, "artifact_path": "wandb-client-artifact://gr0uhddg9lf16nzs9haq59tnd198s4thulmfsqk9r6n6ietttkny0lo2vxxa83xuhlykr9korfitrr35o76ini02fsibjukx49ihm0eyefvh4ncv02m2xjas1266q5x0:latest/table.table.json", "_latest_artifact_path": "wandb-client-artifact://gr0uhddg9lf16nzs9haq59tnd198s4thulmfsqk9r6n6ietttkny0lo2vxxa83xuhlykr9korfitrr35o76ini02fsibjukx49ihm0eyefvh4ncv02m2xjas1266q5x0:latest/table.table.json", "path": "media/table/table_0_14745d84d40c71e0d97b.table.json", "ncols": 1, "nrows": 3}, "_timestamp": 1674974301.0551398, "_runtime": 3945.6830446720123, "_step": 154, "training loss": 43.95092808460326, "validation loss": 47.28170222098709, "validation accuracy": 0.18781966743410627, "_wandb": {"runtime": 3950}}