{"table": {"_type": "table-file", "sha256": "6fbec3c4ee690463dac78aaa27a80a95443f526517fe64fb92360054bfbea1b0", "size": 468, "artifact_path": "wandb-client-artifact://cdx0sfo4e4mx6qsdw8f6dxca70dnfkipikv3yhtg7lyjbpiqdev6jns3anhi9d3ydl03f75tobyzv7a1dm6eel5jat0h69pm6h8tozpw7coliumjqna13qz4lhyu8aa2:latest/table.table.json", "_latest_artifact_path": "wandb-client-artifact://cdx0sfo4e4mx6qsdw8f6dxca70dnfkipikv3yhtg7lyjbpiqdev6jns3anhi9d3ydl03f75tobyzv7a1dm6eel5jat0h69pm6h8tozpw7coliumjqna13qz4lhyu8aa2:latest/table.table.json", "path": "media/table/table_0_6fbec3c4ee690463dac7.table.json", "ncols": 1, "nrows": 2}, "_timestamp": 1674914122.4386613, "_runtime": 53.06887125968933, "_step": 6, "training loss": 0.4102796752829819, "validation loss": 0.5299565339896775, "validation accuracy": 0.7613598115112756, "_wandb": {"runtime": 55}}