{"table": {"_type": "table-file", "sha256": "18ff54b32656da1cba8c4497f52fd929c428937426be7f7483397fc08d7fb9c3", "size": 469, "artifact_path": "wandb-client-artifact://juw5dft5ffyazwrrv5fpvkj57qhtn153lfr8ifupk2p0om8fzlptbp4g9otn6zt01mr1rcu8u4s4hs4bv5wdkioe3r384059c4cjoplzro6zrx675b26uf34rsrlygho:latest/table.table.json", "_latest_artifact_path": "wandb-client-artifact://juw5dft5ffyazwrrv5fpvkj57qhtn153lfr8ifupk2p0om8fzlptbp4g9otn6zt01mr1rcu8u4s4hs4bv5wdkioe3r384059c4cjoplzro6zrx675b26uf34rsrlygho:latest/table.table.json", "path": "media/table/table_0_18ff54b32656da1cba8c.table.json", "ncols": 1, "nrows": 2}, "_timestamp": 1674914020.6146674, "_runtime": 23.10852837562561, "_step": 2, "training loss": 0.6930573613139512, "validation loss": 0.6931275516850348, "validation accuracy": 0.5169976438909458, "_wandb": {"runtime": 31}}