{"table": {"_type": "table-file", "sha256": "d97eb8b026fcd0d250364d8ddf27ddb3d153459243cc715ce907c94876a66b58", "size": 1248, "artifact_path": "wandb-client-artifact://ebqc99cvkfcj05b2ifuy33t69s2khd97oxr1vacnztnyhsjv7j9c0dquqgzpjweedxtif23z44gsddqdg1b0w2twka2vn4m1ytc7w6u3srwdtdjonqo7oouovtvlc8uo:latest/table.table.json", "_latest_artifact_path": "wandb-client-artifact://ebqc99cvkfcj05b2ifuy33t69s2khd97oxr1vacnztnyhsjv7j9c0dquqgzpjweedxtif23z44gsddqdg1b0w2twka2vn4m1ytc7w6u3srwdtdjonqo7oouovtvlc8uo:latest/table.table.json", "path": "media/table/table_0_d97eb8b026fcd0d25036.table.json", "ncols": 1, "nrows": 3}, "_timestamp": 1675709525.7105348, "_runtime": 56.56405282020569, "_step": 8, "training loss": 477.2495671298862, "validation loss": 545.3354014047525, "validation accuracy": -1.5148908597527115, "_wandb": {"runtime": 60}}