{"table": {"_type": "table-file", "sha256": "b5d670403b147b30cd122fba24a5f0393e2f891035e9235a372cee6fdd19db31", "size": 494, "artifact_path": "wandb-client-artifact://kc380kp2nkzalapch6yf5u2ym307v409octonl1jccrmoqqq9ywtd0kyl7wzx8m5s6d9yreettn2kvl0tvi7ob66yrqb6wkw7k5z5lik2b4397gwjb3gpob0lx5tkdl0:latest/table.table.json", "_latest_artifact_path": "wandb-client-artifact://kc380kp2nkzalapch6yf5u2ym307v409octonl1jccrmoqqq9ywtd0kyl7wzx8m5s6d9yreettn2kvl0tvi7ob66yrqb6wkw7k5z5lik2b4397gwjb3gpob0lx5tkdl0:latest/table.table.json", "path": "media/table/table_0_b5d670403b147b30cd12.table.json", "ncols": 1, "nrows": 2}, "_timestamp": 1674958405.326202, "_runtime": 34968.9286608696, "_step": 3322, "training loss": 24.95643143661791, "validation loss": 39.65883484034721, "validation accuracy": 0.3179758958139577, "_wandb": {"runtime": 34975}}